Date,Open,High,Low,Close,50_SMA,Lower_Band,Upper_Band
2022-05-24,495.2,568.9,467.5,536.35,,,
2022-05-25,543.8,544.0,500.3,510.7,,,
2022-05-26,508.0,518.8,495.0,499.8,,,
2022-05-27,505.5,547.3,505.1,541.55,,,
2022-05-30,535.5,541.55,511.75,521.25,,,
2022-05-31,527.0,539.0,516.7,530.25,,,
2022-06-01,527.0,540.0,523.25,535.65,,,
2022-06-02,537.65,617.35,536.05,570.45,,,
2022-06-03,576.2,586.85,531.0,535.65,,,
2022-06-06,538.95,541.0,506.05,510.2,,,
2022-06-07,514.7,520.0,500.2,511.3,,,
2022-06-08,516.7,526.95,511.05,517.4,,,
2022-06-09,509.0,533.95,509.0,522.0,,,
2022-06-10,511.0,523.4,510.7,519.4,,,
2022-06-13,500.0,510.4,490.0,502.4,,,
2022-06-14,501.0,504.95,492.8,500.2,,,
2022-06-15,504.2,504.85,490.55,498.55,,,
2022-06-16,505.0,506.65,488.75,492.55,,,
2022-06-17,480.0,491.15,457.8,466.55,,,
2022-06-20,465.0,479.65,456.35,469.25,,465.7775641648347,563.3674358351653
2022-06-21,464.0,530.0,457.0,513.65,,465.731560007937,561.143439992063
2022-06-22,515.1,517.0,498.1,504.0,,465.2218427143564,560.9831572856438
2022-06-23,505.0,514.0,487.2,500.7,,465.317818893632,560.9771811063678
2022-06-24,509.9,514.0,488.65,492.1,,463.9270701274546,557.4229298725454
2022-06-27,500.0,506.2,488.85,491.4,,461.95261121401154,556.4123887859885
2022-06-28,491.0,505.0,488.95,501.95,,461.50947907389474,554.0255209261053
2022-06-29,490.1,507.95,490.1,504.75,,461.86034833892757,550.5846516610725
2022-06-30,504.0,514.5,499.25,506.8,,470.52895572270876,535.5510442772911
2022-07-01,504.0,505.0,495.0,500.95,,472.64602694020437,529.9639730597956
2022-07-04,498.0,508.8,496.05,505.95,,472.649014481853,529.5359855181471
2022-07-05,510.0,512.2,504.85,507.55,,472.69636190529786,529.1136380947022
2022-07-06,507.6,529.8,506.05,524.3,,472.04089903904344,530.4591009609566
2022-07-07,528.6,615.0,523.05,595.3,,454.2379824746647,555.5920175253355
2022-07-08,604.0,628.7,575.5,595.25,,444.0436788698047,573.3713211301953
2022-07-11,593.0,607.95,584.85,590.9,,438.8841168880638,587.3808831119361
2022-07-12,588.05,621.0,586.25,616.25,,431.90385554433306,605.9661444556671
2022-07-13,622.75,628.0,595.3,599.75,,430.4316924146232,617.5583075853767
2022-07-14,604.0,608.9,591.9,598.25,,431.35593489690166,627.2040651030983
2022-07-15,595.0,610.85,594.3,605.1,,437.3698911607899,635.0451088392101
2022-07-18,607.0,608.0,589.85,592.8,,445.74860008012627,639.0213999198737
2022-07-19,592.8,645.0,591.6,635.55,,444.38555199597204,652.5744480040278
2022-07-20,643.9,683.0,640.1,675.1,,440.9046281623191,673.1653718376808
2022-07-21,666.95,708.0,662.1,699.2,,437.89298925303166,696.0270107469685
2022-07-22,704.9,706.2,664.05,668.6,,444.1587744096639,707.4112255903362
2022-07-25,668.5,675.0,642.65,661.35,,453.65459021120455,714.9104097887955
2022-07-26,661.35,661.35,615.8,622.4,,464.6477933664464,715.9622066335537
2022-07-27,619.0,655.0,605.55,646.0,,476.1578674359335,718.5771325640667
2022-07-28,649.9,656.8,621.0,627.5,,489.3729540827005,717.4320459172995
2022-07-29,631.5,642.65,617.55,635.0,,506.11469731445226,714.0953026855477
2022-08-01,641.5,649.9,625.05,631.6,552.8290000000001,524.4026106516874,708.3723893483127
2022-08-02,629.0,637.45,615.55,619.8,554.498,545.598243337912,698.401756662088
2022-08-03,622.65,624.7,601.0,609.45,556.4730000000001,564.7389595768905,687.7760404231096
2022-08-04,612.75,648.7,610.05,621.65,558.91,567.7424837567373,687.4075162432628
2022-08-05,621.8,645.3,615.3,633.7,560.7529999999999,571.5985728669503,687.3964271330495
2022-08-08,636.9,658.0,626.1,642.3,563.174,576.8828408521583,687.2521591478417
2022-08-10,597.0,621.95,583.6,599.8,564.565,574.5967510838732,687.8932489161268
2022-08-11,600.0,600.0,509.8,563.25,565.1170000000001,566.495421921827,692.344578078173
2022-08-12,565.0,581.85,550.0,555.25,564.813,557.3154177415971,697.2245822584028
2022-08-16,562.0,565.0,553.55,557.6,565.252,548.8141641808027,700.9758358191973
2022-08-17,556.0,572.95,550.0,562.45,566.297,543.485958553254,703.2690414467459
2022-08-18,566.0,572.0,558.05,560.1,567.2729999999999,535.1390436064686,704.0709563935314
2022-08-19,562.95,575.0,559.0,569.8,568.321,531.3240814250523,697.3559185749477
2022-08-22,568.85,573.8,553.25,559.3,569.067,531.1390677816787,683.5509322183213
2022-08-23,559.3,569.85,554.0,557.6,569.831,528.2512793835838,675.3387206164161
2022-08-24,557.85,565.95,557.0,560.8,570.999,526.7006125957023,666.8343874042976
2022-08-25,566.0,570.0,550.0,555.45,572.104,522.1229977746891,664.7170022253108
2022-08-26,571.0,580.0,550.15,558.6,573.305,520.6682003284793,657.4317996715206
2022-08-29,554.95,568.0,551.0,562.45,574.703,518.9450822190545,652.6499177809453
2022-08-30,569.8,585.2,565.1,568.9,576.75,519.455173755939,645.5298262440609
2022-09-01,572.0,575.0,568.0,569.9,578.7629999999999,520.5915043686632,638.2234956313368
2022-09-02,574.0,575.0,561.5,564.35,579.777,520.6778443971813,632.5921556028187
2022-09-05,568.65,570.0,560.2,565.65,581.01,520.5032390077266,628.3867609922733
2022-09-06,575.0,580.0,567.1,571.75,582.431,522.7980551329789,621.1019448670212
2022-09-07,571.75,587.0,563.75,573.5,584.059,529.2471582749398,608.6328417250603
2022-09-08,573.5,577.3,559.0,568.8,585.6070000000001,545.6264476897543,584.9035523102457
2022-09-09,569.9,574.05,566.1,568.5,586.938,552.4538544614684,574.9461455385317
2022-09-12,571.0,583.5,568.05,572.8,588.299,552.2231361194071,576.131863880593
2022-09-13,576.95,584.05,572.0,575.5,589.673,552.9916135665776,577.3883864334223
2022-09-14,570.0,604.7,570.0,594.0,591.534,549.7628003798588,584.2571996201411
2022-09-15,607.0,607.65,577.0,579.95,593.014,549.8540295675191,585.9159704324809
2022-09-16,580.0,589.7,576.05,581.25,594.488,550.3615172204808,587.5234827795192
2022-09-19,581.0,585.25,571.0,575.55,595.513,550.4166676613532,588.0433323386466
2022-09-20,588.9,588.9,576.3,581.35,595.234,551.3854748203562,589.2795251796438
2022-09-21,585.15,598.75,580.85,592.6,595.181,551.6777720906944,592.4872279093056
2022-09-22,590.0,593.0,579.55,587.3,595.109,552.6490324822767,594.1659675177234
2022-09-23,587.0,590.75,578.0,584.7,594.4780000000001,555.3542196105128,594.3857803894872
2022-09-26,584.7,593.05,560.0,564.05,593.764,556.4483614590122,593.8366385409877
2022-09-27,564.05,576.0,564.05,570.1,593.201,557.6282934520531,593.4217065479469
2022-09-28,569.5,577.95,565.0,571.15,592.522,557.888463702954,593.3865362970458
2022-09-29,585.0,585.0,571.0,577.15,592.209,558.4493215005903,593.5506784994097
2022-09-30,582.45,584.9,576.45,582.9,591.156,560.0202771585427,593.8347228414573
2022-10-03,582.85,582.85,562.25,567.25,588.999,560.3111318162755,593.7038681837244
2022-10-04,550.0,603.95,550.0,593.9,586.893,560.008092332943,596.221907667057
2022-10-06,593.9,608.7,590.75,596.65,585.4540000000001,559.522550632972,599.0224493670279
2022-10-07,596.4,605.0,593.2,601.4,584.255,559.4813969029392,602.3236030970606
2022-10-10,593.0,595.05,571.75,575.55,583.318,560.4706713894906,602.0393286105094
2022-10-11,579.9,579.9,553.3,556.35,581.525,557.0943163562449,603.7706836437553
2022-10-12,560.8,564.95,553.7,562.7,580.229,555.2156329348713,604.3693670651287
2022-10-13,565.7,566.95,556.65,560.2,578.7330000000001,552.99642032112,603.2085796788801
2022-10-14,562.0,569.2,558.1,561.05,577.322,550.9457654844065,603.3692345155936
2022-10-17,561.1,564.4,533.1,548.95,575.905,546.5587972290296,604.5262027709705
2022-10-18,555.0,570.0,547.55,555.6,574.828,544.2202159724764,604.8697840275238
2022-10-19,560.0,565.0,555.75,559.25,573.58,542.5538832073943,604.3261167926058
2022-10-20,555.0,555.85,463.85,471.15,570.3290000000001,513.2917122961704,621.4432877038297
2022-10-21,474.95,478.7,376.95,385.75,565.198,460.5577074547863,654.0222925452139
2022-10-24,388.95,406.95,386.0,399.2,561.186,429.27864854057987,666.7513514594201
2022-10-25,402.0,402.0,378.0,383.4,557.5889999999999,399.6787566150757,678.2862433849244
2022-10-27,382.9,390.4,366.0,370.3,553.89,371.60209276539786,686.3829072346023
2022-10-28,375.0,375.0,350.0,355.45,549.847,344.2872603406719,692.1277396593283
2022-10-31,355.0,357.0,341.3,344.2,545.482,318.6236765172554,694.4963234827445
2022-11-01,345.0,378.6,344.2,378.6,541.852,303.72902837169477,688.9609716283052
2022-11-02,384.85,387.35,367.55,379.45,538.045,290.61865352444613,683.291346475554
2022-11-03,379.05,390.35,378.0,385.2,534.563,281.9398165550407,671.1001834449593
2022-11-04,386.0,401.2,384.05,397.0,531.351,277.5005588176499,655.5744411823501
2022-11-07,400.0,403.4,387.4,395.05,528.036,275.84924907437454,636.5907509256256
2022-11-09,403.0,403.05,385.0,393.35,524.794,273.85157846852195,620.3684215314779
2022-11-10,390.9,390.9,370.3,375.4,521.13,270.00262071194334,606.1223792880567
2022-11-11,383.0,385.2,377.0,379.2,517.465,269.67479264216706,588.1002073578329
2022-11-14,390.0,390.0,369.1,370.35,513.4939999999999,270.86694169025304,567.9230583097469
2022-11-15,374.9,379.4,369.15,374.55,509.58700000000005,276.3038277362109,543.8361722637891
2022-11-16,376.0,380.0,372.1,374.55,505.791,283.9690681673758,518.7309318326243
2022-11-17,372.55,378.0,366.05,367.3,501.824,298.9830140921616,484.8869859078384
2022-11-18,365.0,366.9,346.2,350.7,497.403,330.06166466141616,432.95333533858394
2022-11-21,372.0,372.0,329.9,344.55,492.824,342.4090865343907,407.9459134656092
2022-11-22,344.0,346.45,331.4,334.9,488.14599999999996,335.6951755339926,409.5748244660074
2022-11-23,340.0,340.0,317.0,326.2,483.3,328.8125415109664,409.1574584890336
2022-11-24,333.0,335.95,326.3,329.95,478.443,323.1755836448399,409.4494163551601
2022-11-25,331.0,336.0,330.0,331.7,473.56699999999995,318.6224936165757,410.1425063834243
2022-11-28,331.5,331.5,319.8,321.05,468.10799999999995,313.0638065218715,412.2611934781285
2022-11-29,322.25,344.2,306.0,336.55,463.24,311.968931844495,412.59106815550507
2022-11-30,335.5,340.0,332.0,335.45,458.32399999999996,309.0629323621035,411.1820676378965
2022-12-01,339.8,347.2,333.0,339.4,453.601,307.1106159304153,409.1293840695847
2022-12-02,339.4,350.0,338.9,348.8,448.95,306.7832085896162,405.8167914103838
2022-12-05,351.05,362.8,350.8,354.3,444.18399999999997,308.5050889873324,399.82491101266766
2022-12-06,352.0,352.8,343.8,345.65,439.351,310.1920907804679,393.1979092195322
2022-12-07,349.85,352.35,332.1,334.45,434.346,311.5574002833261,385.9425997166739
2022-12-08,338.0,341.75,336.75,338.5,429.835,311.6692989060886,382.14070109391145
2022-12-09,340.9,356.25,340.3,352.05,425.474,313.6132505258976,377.4817494741024
2022-12-12,350.0,368.1,349.5,364.7,421.345,314.1655313973221,376.36446860267785
2022-12-13,366.0,379.5,360.95,367.55,417.153,315.071017974164,374.758982025836
2022-12-14,370.0,374.2,363.0,365.9,412.81299999999993,316.2390233428188,372.7259766571811
2022-12-15,365.5,369.7,359.8,363.75,408.74299999999994,316.62633825868744,371.9836617413126
2022-12-16,370.3,374.7,345.95,363.75,404.14,316.05581046642317,373.8591895335768
2022-12-19,360.65,361.35,351.5,353.25,399.272,316.2557033151694,374.5292966848307
2022-12-20,355.0,357.95,346.4,348.15,394.207,317.32299144177347,374.78700855822643
2022-12-21,352.0,352.95,331.3,336.55,389.42699999999996,318.9966624643965,374.1483375356035
2022-12-22,344.0,344.0,326.05,330.55,384.911,319.1016009716238,374.10339902837626
2022-12-23,327.0,328.7,315.05,319.9,380.055,316.71763113008035,375.3073688699196
2022-12-26,320.45,328.7,317.05,324.75,375.346,317.52628804903134,374.86871195096865
2022-12-27,329.0,331.95,325.05,329.1,370.707,316.44130419862245,375.20869580137753
2022-12-28,329.0,334.3,326.85,329.15,366.311,315.5289954874845,375.4910045125155
2022-12-29,327.7,334.75,327.05,332.55,361.85,314.7394264839973,375.5955735160026
2022-12-30,335.55,338.7,330.1,331.45,357.29400000000004,313.32362530130086,375.27637469869916
2023-01-02,332.0,334.0,330.0,331.9,354.509,312.10634556411935,374.25365443588066
2023-01-03,331.8,339.0,330.65,337.45,353.54299999999995,311.6172794125372,373.9227205874628
2023-01-04,338.0,338.45,324.75,327.0,352.09899999999993,310.6533505183031,374.14164948169685
2023-01-05,328.5,331.0,324.0,326.05,350.95200000000006,309.23083567550896,374.319164324491
2023-01-06,326.0,326.0,319.0,320.8,349.96200000000005,306.75748896789264,373.6675110321073
2023-01-09,323.95,327.7,321.2,325.45,349.362,306.27091143788357,370.22908856211643
2023-01-10,327.0,327.6,321.3,324.35,348.965,306.7138442556498,365.46615574435015
2023-01-11,325.9,326.55,318.9,321.2,347.81700000000006,307.3687592820546,360.3412407179454
2023-01-12,321.4,322.7,311.0,315.65,346.541,307.81124947641445,355.08875052358553
2023-01-13,315.0,315.7,306.0,309.9,345.035,308.5982582901461,348.9167417098539
2023-01-16,313.0,326.0,313.0,320.45,343.504,310.2857231916282,343.9492768083717
2023-01-17,322.0,322.55,313.0,318.1,341.965,311.551119424475,339.678880575525
2023-01-18,319.4,319.5,307.0,307.55,340.24899999999997,308.91801237688344,339.4119876231166
2023-01-19,307.55,307.95,299.55,303.6,338.81300000000005,305.3452882278445,340.2897117721555
2023-01-20,304.0,309.5,299.7,306.2,337.353,303.16817684750913,341.09682315249097
2023-01-23,308.4,328.4,307.9,324.75,336.44100000000003,303.16817684750913,341.09682315249097
2023-01-24,324.75,325.0,310.6,312.35,335.19699999999995,302.14770666371385,340.44229333628607
2023-01-25,310.2,316.95,305.0,306.45,333.835,300.2954693247514,340.0245306752486
2023-01-27,308.0,309.85,291.0,306.05,332.61,298.91507873613904,338.7549212638609
2023-01-30,305.9,307.1,295.0,296.15,331.519,295.6568608953214,338.4831391046787
2023-01-31,303.0,303.75,295.9,301.9,330.666,294.3286203243093,336.81137967569066
2023-02-01,303.95,307.4,298.8,305.0,330.06800000000004,294.89896158389035,332.9960384161096
2023-02-02,299.05,310.95,299.05,306.1,329.666,294.59002294772756,331.2149770522725
2023-02-03,306.95,307.4,294.5,303.25,329.13199999999995,294.06790150808706,329.4570984919129
2023-02-06,303.0,320.35,302.4,317.45,328.847,294.19972235889696,328.9902776411031
2023-02-07,317.95,322.25,314.25,319.7,328.82,294.7043527079793,327.9106472920207
2023-02-08,320.1,326.0,311.0,321.3,328.515,295.0064494702757,327.30355052972436
2023-02-09,321.25,325.85,316.05,318.25,328.171,295.1948709699291,326.82012903007086
2023-02-10,320.05,320.85,303.0,315.45,327.69199999999995,295.19698451871847,326.79801548128154
2023-02-13,298.45,320.6,298.1,318.5,327.086,295.288287373262,327.566712626738
2023-02-14,319.0,320.5,314.05,318.95,326.37899999999996,295.3767132225537,327.32828677744635
2023-02-15,316.7,322.5,316.7,319.9,325.864,295.2873875616642,327.5976124383358
2023-02-16,321.0,332.0,318.55,328.2,325.73900000000003,294.79937003280014,330.1506299671999
2023-02-17,327.9,332.95,319.3,328.2,325.533,295.2243728746046,332.18562712539534
2023-02-20,329.85,344.5,325.0,339.8,325.288,293.9106064358525,336.85939356414747
2023-02-21,340.1,358.5,340.1,348.9,324.972,290.6498451222549,342.5351548777451
2023-02-22,347.0,347.7,334.5,335.9,324.339,290.53263402486056,345.0073659751395
2023-02-23,336.35,351.9,335.3,345.7,323.935,290.35719216285827,349.10780783714176
2023-02-24,345.7,355.75,342.85,350.15,323.663,290.34939639319555,353.52560360680445
2023-02-27,350.15,351.75,339.4,345.3,323.294,293.6169678478558,355.1730321521442
2023-02-28,346.05,350.2,338.85,345.6,323.14099999999996,296.32578933175716,356.8342106682429
2023-03-01,345.0,350.0,337.05,348.15,323.14099999999996,298.8104681250774,358.6645318749226
2023-03-02,348.7,349.5,338.0,340.8,323.226,302.08765461784316,358.8573453821568
2023-03-03,340.8,344.0,339.1,341.05,323.436,306.7070937778881,358.01790622211195
2023-03-06,341.2,344.15,332.7,336.35,323.765,308.5896974447885,358.0253025552115
2023-03-08,338.05,338.95,330.75,331.75,323.905,310.01501924537945,357.8049807546205
2023-03-09,331.75,335.3,322.6,333.15,323.986,311.3478602466851,357.6571397533149
2023-03-10,332.75,332.75,317.0,323.6,323.875,312.29221213355396,357.247787866446
2023-03-13,323.8,337.0,320.05,331.9,323.86199999999997,314.9635148985386,356.22148510146144
2023-03-14,330.6,334.0,322.1,329.25,323.818,316.86081543799173,355.39918456200826
2023-03-15,329.25,339.9,327.6,337.2,323.92400000000004,319.5525246757569,354.53247532424314
2023-03-16,335.0,336.0,327.1,331.35,323.802,321.8202273803707,353.4097726196292
2023-03-17,331.35,332.85,315.35,322.1,323.704,320.5440068496878,354.07599315031223
2023-03-20,320.45,329.0,317.75,327.05,323.724,320.3476431768544,354.1573568231456
2023-03-21,326.55,333.3,325.05,328.9,323.88599999999997,319.4493280226286,353.96567197737136
2023-03-22,330.55,339.1,325.1,329.95,323.976,319.2560100517768,352.2639899482232
2023-03-23,327.7,334.7,321.0,325.7,324.003,318.1447838057171,352.3552161942829
2023-03-24,325.0,328.4,320.6,323.65,324.05199999999996,317.03583961729146,351.2591603827085
2023-03-27,323.65,333.7,323.35,327.5,324.289,317.43295567765,348.59704432235
2023-03-28,326.05,327.5,314.1,317.0,324.431,315.58149096889895,347.6185090311011
2023-03-29,317.0,330.7,314.1,326.95,324.561,315.9630690530302,345.3719309469697
2023-03-31,326.95,343.4,323.1,331.65,324.832,317.62722591166505,342.057774088335
2023-04-03,331.65,334.95,325.2,329.55,325.272,318.2065419274408,340.35345807255914
2023-04-05,329.0,330.9,322.0,324.4,325.688,318.67242562954726,338.2225743704527
2023-04-06,324.65,333.0,324.1,327.2,326.108,318.94283702505317,337.03716297494685
2023-04-10,327.2,332.7,324.05,327.95,326.172,318.92739283551623,336.6726071644838
2023-04-11,327.95,339.9,327.65,331.05,326.546,319.04198713860546,336.3480128613945
2023-04-12,331.5,337.55,329.0,329.95,327.01599999999996,319.5277846401688,336.49721535983116
2023-04-13,329.95,331.65,324.0,325.0,327.395,319.28787087867016,336.04712912132976
2023-04-17,325.0,326.45,321.65,323.2,327.936,318.79135003719404,335.93864996280587
2023-04-18,323.25,333.4,323.25,330.15,328.501,319.64679890423935,334.37820109576063
2023-04-19,330.15,334.0,326.65,327.8,328.957,319.7434112090831,333.92658879091687
2023-04-20,329.8,342.1,327.8,337.1,329.57700000000006,319.49887803569817,335.6711219643018
2023-04-21,337.15,363.5,335.05,357.25,330.65700000000004,313.5711338239101,344.61886617608985
2023-04-24,348.9,358.9,343.85,353.75,331.38300000000004,311.2992593968435,349.37574060315643
2023-04-25,353.5,366.0,351.05,362.6,332.241,308.0883752646408,355.8516247353593
2023-04-26,362.55,375.45,361.15,370.45,333.224,305.0063955688226,363.40860443117737
2023-04-27,370.45,382.75,365.25,378.1,334.421,302.2367669270625,371.6232330729375
2023-04-28,378.25,380.25,371.05,374.4,335.6,301.100077120672,377.44992287932797
2023-05-02,374.0,374.35,363.0,364.6,336.522,303.3922394866,379.9177605134001
2023-05-03,365.0,370.8,361.7,363.9,337.421,304.6653978938883,382.33960210611167
2023-05-04,365.95,366.0,357.0,364.6,338.315,305.64021440332425,384.6597855966757
2023-05-05,365.1,365.1,351.0,355.65,338.86400000000003,307.39313408935,385.5168659106501
2023-05-08,357.55,377.0,356.1,372.05,339.741,309.62728550105606,388.0477144989439
2023-05-09,375.0,384.95,372.2,375.05,340.44599999999997,311.7404224276497,390.7195775723503
2023-05-10,375.05,377.65,367.15,370.35,340.875,314.57669122083104,392.123308779169
2023-05-11,372.7,372.7,359.3,361.35,341.384,317.4152146728021,392.3147853271979
2023-05-12,363.3,365.6,359.05,362.05,341.711,320.8073791440342,392.13262085596585
2023-05-15,356.5,369.9,356.5,367.65,342.061,325.8841247507925,391.3208752492075
2023-05-16,367.65,377.5,363.0,367.05,342.496,332.48573240828125,389.1042675917188
2023-05-17,367.05,367.7,356.0,362.15,342.82700000000006,338.0369709551868,386.75302904481316
2023-05-18,364.85,371.05,362.35,365.6,343.176,346.16112508027436,382.4088749197257
2023-05-19,367.95,374.95,357.3,361.35,343.587,352.51619867035174,378.47880132964826
2023-05-22,350.0,370.0,348.1,361.85,344.00300000000004,353.2066342572501,378.24836574274997
2023-05-23,363.55,368.8,352.0,360.15,344.4789999999999,354.5284779745998,377.5665220254002
2023-05-24,360.0,363.85,357.0,363.05,345.105,354.57760434481395,377.56239565518604
2023-05-25,363.0,365.15,359.15,363.55,345.713,354.37281495641656,377.0771850435835
2023-05-26,363.0,373.5,361.3,371.65,346.6739999999999,355.22484258157033,375.5801574184296
2023-05-29,373.85,373.85,367.45,369.95,347.435,355.6570415918841,374.70295840811593
2023-05-30,364.3,374.0,363.05,365.7,348.164,355.7134399774114,374.75656002258864
2023-05-31,364.0,364.5,347.05,349.2,348.404,352.57770774422227,376.42229225577773
2023-06-01,352.0,357.75,350.05,355.4,348.885,351.4431081527575,376.63689184724245
2023-06-02,355.8,357.15,348.4,350.7,349.457,350.3363225886059,377.2486774113941
2023-06-05,354.0,363.0,352.8,355.75,350.031,349.65330455670505,376.3016954432949
2023-06-06,355.8,361.0,353.0,354.7,350.54699999999997,349.43337152090703,374.48662847909304
2023-06-07,355.0,362.85,355.0,358.15,351.11100000000005,349.3672492394249,373.33275076057515
2023-06-08,360.6,360.6,352.5,354.55,351.68800000000005,348.6473823245211,373.37261767547886
2023-06-09,357.0,357.5,345.15,349.75,352.21,347.0643507087275,373.7256492912725
2023-06-12,349.9,399.9,349.35,382.7,353.314,344.74687501189084,377.5481249881091
2023-06-13,381.9,387.65,378.6,383.2,354.638,342.9475803960508,380.9624196039492
2023-06-14,385.2,393.0,379.2,383.7,355.77299999999997,341.67993883227007,384.3850611677299
2023-06-15,384.4,395.05,380.15,382.55,356.791,340.8210275483292,386.9389724516708
2023-06-16,382.6,388.25,380.3,385.55,357.91100000000006,340.12873316304115,390.0512668369589
2023-06-19,384.8,401.95,379.95,391.7,359.25699999999995,339.00447146467246,394.1605285353275
2023-06-20,394.25,394.25,384.1,389.1,360.495,338.87936761540743,397.1806323845926
2023-06-21,389.3,394.0,383.55,388.6,361.70799999999997,338.86500416552235,399.74999583447766
2023-06-22,403.0,416.25,380.0,385.05,362.78799999999995,339.28467007062386,401.4803299293761
2023-06-23,385.0,385.85,368.6,373.0,363.64899999999994,339.33473043663906,401.5652695633609
2023-06-26,370.3,383.5,364.5,379.6,364.741,339.55172688885364,402.3132731111464
2023-06-27,383.0,386.0,378.55,381.7,365.91100000000006,340.0986195118673,403.3663804881326
2023-06-28,383.0,392.25,379.85,386.85,367.045,343.16820257096265,404.06179742903737
2023-06-30,391.15,394.45,380.0,381.05,368.11,345.53987792863944,404.25512207136063
2023-07-03,383.6,392.45,378.5,390.9,369.186,349.0596374721675,404.75536252783246
2023-07-04,393.0,399.75,390.55,393.6,369.91299999999995,351.8770690576424,405.7229309423576
2023-07-05,388.25,393.45,386.4,391.9,370.676,355.67740395267526,405.6425960473247
2023-07-06,391.0,394.0,387.95,390.1,371.226,359.33432682476746,405.18067317523264
2023-07-07,390.1,399.95,390.1,393.6,371.689,364.84811122739404,403.5718887726059
2023-07-10,397.85,407.2,397.05,398.7,372.101,374.66314716207387,398.65185283792607
2023-07-11,403.9,403.9,393.55,397.9,372.57099999999997,374.58221659835016,400.2527834016499
2023-07-12,398.7,398.7,389.1,393.3,373.145,374.9914897410736,400.8535102589264
2023-07-13,396.75,404.9,395.1,399.25,373.852,374.9914164422955,402.4085835577046
2023-07-14,403.15,418.8,395.2,415.2,374.86400000000003,372.539707993991,408.1252920060091
2023-07-17,417.65,423.25,408.05,411.7,375.985,371.62275480332414,411.65724519667583
2023-07-18,413.9,416.65,402.95,406.05,376.665,371.3280651150671,413.38693488493294
2023-07-19,406.4,408.7,401.8,404.4,377.25200000000007,371.4875751402992,414.7574248597008
2023-07-20,407.4,422.0,403.1,419.15,378.22799999999995,370.2254868604109,419.07451313958904
2023-07-21,416.85,416.85,405.0,406.0,379.121,371.2096410318745,420.18535896812557
2023-07-24,406.05,407.8,396.2,398.35,379.84700000000004,374.92154769609834,419.0084523039017
2023-07-25,401.0,414.35,400.1,412.95,380.75299999999993,377.07984049868423,420.18515950131575
2023-07-26,414.0,415.55,404.8,407.2,381.556,379.59086758632736,420.2241324136726
2023-07-27,409.0,409.05,400.3,402.1,382.355,381.2938507980699,420.04614920193
2023-07-28,402.7,405.8,399.7,401.85,383.08,384.6767013424112,418.74329865758875
2023-07-31,403.9,404.7,397.35,399.15,383.83600000000007,385.8070092981294,418.4379907018706
2023-08-01,399.15,410.0,399.15,401.9,384.63699999999994,386.7201253093004,418.35487469069966
2023-08-02,402.8,413.0,394.65,401.45,385.463,387.99315275215577,418.0368472478442
2023-08-03,401.05,401.1,396.25,398.2,386.166,389.46539691108535,417.37460308891457
2023-08-04,400.0,423.95,399.1,420.75,387.31,389.6151340201804,419.9398659798197
2023-08-07,424.9,424.9,409.0,413.7,388.15100000000007,390.14851656221464,420.9064834377854
2023-08-08,413.7,417.35,409.0,411.25,388.97700000000003,391.0529046155325,421.3370953844675
2023-08-09,412.0,424.4,411.75,422.5,390.11300000000006,392.12211806993406,423.1878819300659
2023-08-10,425.0,437.0,418.0,420.65,391.542,392.6897592045158,424.76024079548415
2023-08-11,422.0,430.0,419.05,421.05,392.855,392.2866185307653,425.7483814692347
2023-08-14,420.0,420.0,412.25,415.2,394.145,392.27134304687416,426.1136569531258
2023-08-16,415.0,422.6,412.5,420.1,395.432,392.3674307386543,427.42256926134564
2023-08-17,422.0,426.4,419.35,423.35,396.805,392.5342540867019,429.1507459132982
2023-08-18,423.0,423.9,417.1,419.9,398.04,392.49718766144775,429.26281233855224
2023-08-21,426.4,426.4,405.5,407.4,399.097,392.6348926321607,429.2651073678393
2023-08-22,407.85,414.05,406.15,410.75,400.31699999999995,394.23766332147943,428.90233667852056
2023-08-23,413.9,418.95,410.1,416.15,400.986,394.2853084533248,429.17469154667526
2023-08-24,418.0,418.4,411.5,414.1,401.60400000000004,394.73491865493764,429.41508134506233
2023-08-25,412.0,424.55,409.1,413.45,402.199,395.94600572565065,429.33899427434943
2023-08-28,417.0,425.1,411.05,423.3,403.014,397.18260437008865,430.2473956299113
2023-08-29,424.0,425.95,414.25,419.85,403.7,399.5160697264395,429.9839302735605
2023-08-30,419.0,434.45,419.0,430.4,404.474,400.6726572228677,431.6773427771323
2023-08-31,429.9,445.0,427.25,437.5,405.44199999999995,401.3422022395236,434.6127977604763
2023-09-01,435.15,442.3,433.1,438.15,406.43300000000005,403.7498570681593,436.20014293184073
2023-09-04,438.0,450.0,435.5,445.95,407.65100000000007,401.2728753371942,441.19712466280583
2023-09-05,450.0,452.4,435.5,440.05,408.992,401.25104279754214,443.85395720245776
2023-09-06,440.0,443.8,428.35,434.7,410.09399999999994,402.4615274905845,444.98847250941554
2023-09-07,435.0,447.5,434.8,443.4,411.328,401.776147274572,447.76385272542797
2023-09-08,446.5,446.7,436.0,437.4,412.339,402.03266339285864,449.1823366071413
2023-09-11,437.6,440.0,431.9,434.1,413.4,402.49466478470134,450.02533521529875
2023-09-12,435.2,437.05,409.8,418.35,413.94899999999996,402.9205511499059,449.9144488500941
2023-09-13,422.3,433.0,419.65,430.15,414.68,403.56247219280385,450.27752780719607
2023-09-14,430.0,444.0,429.95,435.0,415.542,403.93967300937214,451.06532699062774
2023-09-15,436.9,444.8,434.1,439.25,416.525,404.6340828292845,452.3059171707154
2023-09-18,439.45,439.45,426.0,427.5,417.203,407.78089456725394,451.1691054327461
2023-09-20,416.95,435.0,413.05,430.95,417.848,410.6612476333181,450.3087523666819
2023-09-21,430.05,442.0,425.7,429.9,418.48799999999994,412.52306160008106,449.82193839991896
2023-09-22,429.0,432.75,427.0,430.25,419.227,415.13146734482876,448.8285326551713
2023-09-25,430.25,430.25,419.95,421.1,419.664,417.00374199783016,447.72125800216986
2023-09-26,420.05,422.95,413.75,415.5,419.67,415.30448856300035,448.6405114369997
2023-09-27,416.0,420.5,408.0,418.75,419.811,415.0747200381618,448.76027996183825
2023-09-28,420.0,424.0,416.35,421.7,420.124,414.03612275576495,448.92887724423497
2023-09-29,421.7,421.7,410.6,412.7,420.2899999999999,411.149341263764,449.33565873623604
2023-10-03,415.0,421.95,410.55,412.5,420.157,408.6934706837331,449.22652931626675
2023-10-04,411.2,413.95,406.2,410.0,420.23699999999997,406.86378666248334,447.4612133375167
2023-10-05,412.0,416.4,409.0,410.95,420.4889999999999,405.12853079148545,446.2864692085145
2023-10-06,412.2,414.9,409.65,411.0,420.45,403.40150832170855,445.6434916782915
2023-10-09,408.55,413.9,403.0,409.4,420.494,402.6470204843855,442.9979795156146
2023-10-10,410.95,435.95,410.95,433.6,421.12399999999997,402.96999828518807,442.2950017148119
2023-10-11,438.95,449.0,434.1,439.1,421.869,402.49240242916574,443.27259757083425
2023-10-12,442.95,442.95,427.1,428.85,422.46299999999997,402.96813460144836,443.8468653985516
2023-10-13,426.55,429.9,423.25,426.3,422.95099999999996,402.9714279207674,443.4585720792327
2023-10-16,422.65,428.6,422.65,425.1,423.42400000000004,403.2192469780825,442.22075302191746
2023-10-17,425.1,426.6,424.5,425.2,423.96399999999994,404.07392542797504,439.96107457202504
2023-10-18,425.2,430.0,421.1,425.6,424.061,404.08131538625247,439.76368461374756
2023-10-19,422.0,431.0,415.0,429.4,424.375,404.15611261715776,439.5338873828422
2023-10-20,429.4,434.7,425.35,429.3,424.736,404.18168523860425,439.44831476139564
2023-10-23,426.55,428.95,412.6,415.5,424.596,403.6976121982687,438.4573878017313
2023-10-25,415.0,423.4,401.55,420.95,424.602,403.6900236206105,438.4499763793895
2023-10-26,419.0,419.0,404.05,406.45,424.31,402.18739662191,439.04760337809
2023-10-27,407.0,422.9,407.0,421.15,424.42900000000003,402.32735191172145,439.1476480882786
2023-10-30,419.0,427.95,416.0,420.15,424.42999999999995,402.25386257962816,439.0661374203718
2023-10-31,422.0,430.5,410.25,413.35,424.23,402.3433346668896,439.0416653331104
2023-11-01,412.0,412.0,401.0,402.6,423.88399999999996,400.43785278919427,439.95714721080583
2023-11-02,404.5,409.4,399.05,401.25,423.76099999999997,398.7046943803324,440.8153056196677
2023-11-03,404.0,407.7,401.1,402.25,423.591,397.1724309437881,441.4775690562119
2023-11-06,399.0,409.5,397.2,403.15,423.33099999999996,395.8982400470579,441.9667599529421
2023-11-07,403.05,411.0,403.05,409.0,423.22900000000004,395.84272312062984,441.9822768793702
2023-11-08,409.05,412.6,405.7,409.65,423.15299999999996,395.3806483604592,440.04935163954076
2023-11-09,409.05,411.0,404.45,407.05,422.82800000000003,395.7242971417235,436.5007028582765
2023-11-10,406.95,410.9,405.7,408.15,422.59399999999994,395.3199837753027,434.83501622469737
2023-11-12,408.15,412.0,406.05,408.85,422.163,395.00072690092355,433.40927309907653
2023-11-13,407.1,408.15,403.6,404.4,421.501,394.2083656045128,432.13163439548714
2023-11-15,408.0,412.95,400.6,411.35,420.965,394.3735174488794,430.58148255112053
2023-11-16,411.35,419.55,410.15,413.85,420.32300000000004,394.847557624976,428.932442375024
2023-11-17,406.85,406.85,398.5,399.75,419.517,394.66993933164287,426.1450606683571
2023-11-20,400.55,403.0,394.3,396.7,418.75700000000006,394.60363691552,422.9513630844801
2023-11-21,400.7,400.7,395.75,399.7,417.88300000000004,393.63117460148277,422.34382539851725
2023-11-22,398.95,399.55,383.0,385.7,416.84899999999993,390.03161278563306,422.418387214367
2023-11-23,385.6,388.85,380.1,383.35,415.834,385.91903740221426,424.22096259778584
2023-11-24,385.0,392.3,379.95,383.1,415.12899999999996,383.1999928419695,423.1350071580304
2023-11-28,385.0,387.8,380.15,385.1,414.228,381.57121269168675,421.2587873083133
2023-11-29,385.1,391.95,384.05,390.45,413.337,380.6848176311329,419.8551823688671
2023-11-30,391.0,394.9,385.65,391.15,412.375,379.7333617568851,419.6616382431149
2023-12-01,393.15,400.0,391.2,397.45,411.774,379.53324617688554,419.48175382311456
2023-12-04,400.0,400.0,393.4,399.65,411.14799999999997,379.44460006043454,419.31039993956546
2023-12-05,399.05,402.5,391.25,393.5,410.42,378.8795875175445,418.91041248245546
2023-12-06,397.9,400.0,379.55,382.95,409.474,376.9648161235685,418.22018387643146
2023-12-07,383.8,388.45,383.1,386.75,408.787,376.09747155049985,416.79752844950013
2023-12-08,390.0,392.0,383.1,384.85,408.17400000000004,375.00068156123587,415.6743184387641
2023-12-11,386.95,390.5,383.05,384.9,407.49699999999996,374.26844196923264,414.0815580307674
2023-12-12,385.0,386.65,372.0,373.9,406.541,371.82125477904833,413.0337452209516
2023-12-13,376.9,379.05,361.75,375.1,405.789,369.7820255010486,412.14297449895133
2023-12-14,377.0,378.4,368.5,369.35,404.92600000000004,367.8654607350116,409.8595392649884
2023-12-15,373.8,373.8,354.2,358.05,403.88700000000006,364.2429576077886,407.9020423922115
2023-12-18,361.25,364.0,355.3,359.95,402.867,360.33106181638266,407.8339381836174
2023-12-19,363.6,368.0,360.2,363.95,401.926,357.8552738612307,407.03472613876926
2023-12-20,368.15,378.1,363.25,365.35,401.045,356.4154177751887,405.03958222481134
2023-12-21,364.0,389.8,360.35,387.95,400.13200000000006,356.4104966980565,405.2695033019436
2023-12-22,391.0,396.05,384.05,387.45,399.09899999999993,356.45850606102505,405.63149393897487
2023-12-26,390.0,397.5,386.1,387.4,398.27,356.5230980963622,405.99690190363776
2023-12-27,388.95,390.35,381.25,383.35,397.411,356.48044981970946,405.86455018029056
2023-12-28,387.3,390.0,377.5,384.2,396.59299999999996,356.5064505991062,405.21354940089384
2023-12-29,384.2,393.0,384.2,389.25,395.87399999999997,356.5661287779414,404.9638712220586
2024-01-01,392.4,393.9,382.55,384.35,395.04900000000004,357.13443861287925,403.0855613871208
2024-01-02,384.95,389.0,381.35,388.55,394.232,358.07955747651124,401.0304425234888
2024-01-03,389.95,404.4,389.5,397.0,393.586,357.72556504030473,401.7344349596953
2024-01-04,403.5,405.0,397.9,404.0,393.356,356.25995881201317,405.3050411879869
2024-01-05,406.95,407.65,401.0,403.25,393.00199999999995,355.20175351615404,408.013246483846
2024-01-08,404.8,404.8,400.85,402.15,392.916,354.530765980782,410.41423401921793
2024-01-09,403.0,403.9,395.1,398.45,392.462,354.31754387298037,411.9824561270196
2024-01-10,400.0,424.0,398.6,422.2,392.50300000000004,352.2517483297888,418.87825167021117
2024-01-11,425.5,426.4,408.45,412.05,392.477,352.48371719238173,422.3412828076183
2024-01-12,412.95,415.65,406.1,410.45,392.634,354.17889627822746,424.7561037217725
2024-01-15,416.0,416.0,407.1,410.6,392.82099999999997,358.8921006338827,425.29789936611724
2024-01-16,410.15,411.15,403.5,409.75,392.971,364.1808780495199,424.98912195048007
2024-01-17,406.05,410.45,402.5,403.95,392.98699999999997,369.59513640562767,423.5748635943723
2024-01-18,403.0,405.6,392.0,400.45,392.816,375.68532463728087,420.9946753627191
2024-01-19,405.0,405.0,395.85,397.15,392.56600000000003,376.66598236101675,420.9340176389833
2024-01-20,397.0,401.0,397.0,399.7,392.4189999999999,377.9326226358328,420.89237736416726
2024-01-23,401.2,403.55,388.8,390.25,392.061,378.37494731877035,420.73505268122966
2024-01-24,392.9,400.75,382.5,400.2,391.888,380.63873179311656,420.1562682068834
2024-01-25,399.05,404.95,397.05,401.3,391.82599999999996,383.024254855353,419.480745144647
2024-01-29,410.0,433.0,406.05,427.85,392.156,382.3213228873098,424.0436771126902
2024-01-30,430.0,434.45,423.65,427.95,392.43800000000005,383.6909597248962,427.03404027510385
2024-01-31,430.0,454.95,430.0,449.45,393.43199999999996,380.4734748128093,436.34152518719065
2024-02-01,453.0,473.9,447.5,468.85,394.875,373.68959190478705,450.31040809521295
2024-02-02,475.0,477.8,461.0,473.15,396.34399999999994,368.6482535562441,462.2667464437559
2024-02-05,472.0,488.0,451.35,456.0,397.75,368.33072513707975,467.8592748629202
2024-02-06,460.0,470.4,434.2,465.1,399.385,367.89086336550076,474.59413663449925
2024-02-07,468.75,476.8,462.25,470.25,401.12800000000004,368.36665307974437,481.2983469202556
2024-02-08,470.45,471.0,453.4,456.7,402.56,368.34924163311575,484.76575836688426
2024-02-09,460.0,460.35,435.05,440.5,403.56100000000004,369.8740858159982,486.0859141840018
2024-02-12,440.5,447.8,412.2,419.4,404.126,370.7537855183929,486.10121448160726
2024-02-13,419.7,440.0,418.0,438.45,404.94599999999997,372.6157086629936,487.0242913370064
2024-02-14,434.9,447.8,421.0,444.4,405.84100000000007,374.81058682704645,488.29441317295345
2024-02-15,444.55,464.8,444.55,461.95,407.21,377.72188564351836,491.1831143564816
2024-02-16,464.0,469.95,451.0,454.45,408.64,382.12111684838703,492.1838831516129
2024-02-19,459.0,479.85,457.25,467.6,410.25700000000006,387.4350417177529,493.91495828224714
2024-02-20,469.95,476.45,467.85,472.05,412.001,392.9780793839727,495.6069206160273
2024-02-21,472.05,478.0,462.95,472.85,413.76,402.3988050157783,494.44619498422173
2024-02-22,472.85,473.8,455.0,463.6,415.55400000000003,411.15977126902936,492.02522873097047
2024-02-23,463.6,465.05,448.0,454.35,417.139,421.4686301422305,487.0213698577695
2024-02-26,457.0,461.15,453.2,458.5,418.92199999999997,425.420614454861,486.13438554513897
2024-02-27,458.5,485.0,458.0,470.7,421.175,429.87649076714916,485.953509232851
2024-02-28,483.0,484.0,466.55,472.65,423.4289999999999,430.5948961415142,487.5551038584858
2024-02-29,472.95,480.0,466.05,473.1,425.612,430.43926052073033,488.1357394792697
2024-03-01,473.95,478.4,461.0,465.3,427.611,430.6332553523853,487.1567446476147
2024-03-02,467.8,472.0,465.1,471.4,429.28,430.90067450724257,488.42932549275736
2024-03-04,472.05,473.95,455.0,458.65,430.704,430.69033419593177,487.9946658040683
2024-03-05,463.2,467.5,452.85,465.55,432.267,430.7564993678747,487.4585006321252
2024-03-06,465.5,465.55,445.0,459.25,433.785,430.9066600891276,487.5633399108724
2024-03-07,459.25,463.55,454.05,459.05,435.28200000000004,433.2369520653784,487.08804793462167
2024-03-11,464.9,467.95,451.4,456.55,436.62800000000004,442.9569909041061,481.0830090958939
2024-03-12,453.0,454.2,441.1,448.05,437.902,445.5719790070575,479.4280209929425
2024-03-13,444.35,444.35,417.3,423.45,438.6,438.3440719407598,484.56092805924027
2024-03-14,420.05,448.75,415.05,446.0,439.58,436.5398835353026,484.7701164646975
2024-03-15,440.05,454.95,433.5,437.85,440.25699999999995,433.7477968080079,485.9022031919923
2024-03-18,436.05,448.0,436.05,445.45,441.101,432.15374798615056,485.2812520138495
2024-03-19,445.45,452.55,438.4,450.45,442.06700000000006,431.60503292317605,483.6699670768239
2024-03-20,453.0,469.9,450.15,463.5,443.36800000000005,431.96514666617543,482.3748533338245
2024-03-21,468.95,475.8,455.55,459.0,444.10400000000004,431.89877924615575,481.98122075384435
2024-03-22,462.1,465.5,460.3,464.55,445.154,432.2161463818601,482.6838536181399
2024-03-26,463.1,465.65,438.85,456.95,446.084,432.1427040185852,482.6022959814149
2024-03-27,461.0,469.45,450.3,458.7,447.04600000000005,432.3183866876061,481.22661331239374
2024-03-28,460.1,462.0,443.1,445.55,447.76200000000006,431.6748163623729,479.16018363762714
2024-04-01,448.9,451.75,438.75,449.65,448.676,431.9043620220054,476.5856379779946
2024-04-02,449.0,454.85,440.2,450.05,449.668,431.6964524368987,475.2685475631012
2024-04-03,450.05,456.7,445.0,450.1,450.727,432.30088536902434,472.5341146309757
2024-04-04,450.7,462.0,448.0,459.95,451.932,432.2729067855042,472.69209321449574
2024-04-05,462.95,467.95,458.65,463.35,453.394,432.4403393966824,472.3046606033177
2024-04-08,464.95,465.75,452.9,455.0,454.49,432.44715086413714,471.8728491358629
2024-04-09,456.2,458.0,442.25,445.4,455.37200000000007,431.82396208357807,471.1310379164221
2024-04-10,449.0,452.1,441.35,450.2,455.819,431.64683035808014,470.6731696419198
2024-04-12,450.0,478.0,449.95,464.5,456.55,431.65165035299606,472.31334964700386
2024-04-15,463.05,463.05,446.3,455.75,456.67600000000004,438.30176702086237,468.89323297913757
2024-04-16,453.1,464.4,451.95,453.7,456.37299999999993,439.11019175170725,468.85480824829267
2024-04-18,454.0,469.5,448.0,451.55,455.94100000000003,441.796427783566,467.5385722164338
2024-04-19,446.1,454.85,444.05,453.3,455.88700000000006,442.91410617357616,467.20589382642396
2024-04-22,456.95,461.25,447.0,450.1,455.587,442.8676650826874,467.21733491731266
2024-04-23,451.95,458.0,444.25,448.4,455.15,442.45294421928,466.12205578072
2024-04-24,464.35,464.4,448.0,448.65,454.9889999999999,441.89798957296597,465.642010427034
2024-04-25,454.05,468.8,443.7,459.25,455.3639999999999,442.4367476299565,464.57325237004346
2024-04-26,464.45,464.8,455.45,457.65,456.129,442.4215658050233,464.6584341949766
2024-04-29,459.9,460.45,449.1,450.15,456.36300000000006,442.17339222340206,464.05160777659796
2024-04-30,450.15,452.95,447.3,449.0,456.455,442.7465441058836,463.82345589411636
2024-05-02,451.0,456.3,447.0,450.25,456.22100000000006,442.81677458601865,463.81322541398123
2024-05-03,450.9,461.95,450.55,456.85,456.269,443.16154840786663,464.1484515921334
2024-05-06,455.7,457.8,448.0,450.0,455.917,443.1493233300433,464.1506766699567
2024-05-07,450.0,453.95,436.05,447.25,455.421,442.5826565684242,463.44734343157575
2024-05-08,447.0,455.95,445.3,453.5,455.034,443.28262787735866,461.7623721226412
2024-05-09,450.75,453.25,440.45,444.6,454.65399999999994,442.19646131266546,461.8085386873344
2024-05-10,444.8,455.65,443.3,453.3,454.63300000000004,443.0873767603483,461.7076232396515
2024-05-13,454.75,457.95,441.9,450.1,454.465,443.0773016095582,461.70769839044186
2024-05-14,450.1,457.1,448.15,453.55,454.12199999999996,444.4334229960913,459.2565770039089
2024-05-15,456.0,458.95,444.0,449.0,453.649,444.231130532179,458.7838694678211
2024-05-16,449.95,455.9,447.05,450.3,453.193,444.11816375695565,458.5568362430443
2024-05-17,452.0,460.95,448.2,453.75,452.962,444.14793440365145,458.74706559634865
2024-05-18,455.05,460.0,431.1,434.85,452.231,440.1822171106903,460.86778288930964
2024-05-21,434.0,434.0,383.25,389.75,450.853,418.41803229122934,476.59696770877065
2024-05-22,396.05,406.0,383.45,403.45,449.61100000000005,410.1401210887977,480.3798789112022
2024-05-23,408.0,408.0,394.8,404.05,448.50700000000006,403.4373584720776,482.62264152792244
2024-05-24,404.05,405.95,397.1,404.95,447.425,398.0487623852567,482.5812376147432
2024-05-27,406.95,415.0,400.75,413.9,446.57199999999995,395.11682231715577,481.13817768284434
2024-05-28,410.15,420.0,409.15,416.6,445.94300000000004,392.8013429398043,480.0986570601957
2024-05-29,418.25,418.25,400.55,403.0,445.534,388.48456910366383,479.8154308963361
2024-05-30,402.5,404.95,391.0,392.8,444.47,382.739045629962,479.81595437003807
2024-05-31,395.4,397.7,380.1,385.1,443.415,376.57214237253544,478.80785762746467
2024-06-03,399.0,399.0,389.0,389.95,442.305,372.055331779608,477.319668220392
2024-06-04,390.55,390.95,355.2,360.45,440.505,361.59043122032347,479.1045687796766
2024-06-05,365.85,380.55,358.0,378.4,438.80299999999994,357.16121039417686,476.0237896058232
2024-06-06,383.9,387.65,381.5,382.25,437.268,353.6894490260075,473.26055097399257
2024-06-07,383.1,389.0,382.5,385.5,435.68699999999995,352.1472648190711,468.02273518092875
2024-06-10,390.55,396.7,386.15,390.1,434.35,351.7146478723718,462.45535212762826
2024-06-11,394.9,394.9,384.2,386.0,432.89599999999996,352.1622385913612,455.2527614086389
2024-06-12,390.0,393.95,386.15,388.65,431.758,353.4202188440964,447.9597811559036
2024-06-13,394.0,395.5,387.5,393.4,430.63300000000004,356.6940212433254,438.99597875667456
2024-06-14,394.0,411.0,393.05,406.45,429.76099999999997,363.4258451662508,427.53415483374926
2024-06-18,406.9,409.4,396.15,398.75,428.73400000000004,367.41311046200275,419.9368895379973
2024-06-19,400.0,406.45,394.0,400.35,427.542,367.8489580481224,420.56104195187754
2024-06-20,404.85,406.85,398.25,400.45,426.284,367.8870223816916,420.2229776183083
2024-06-21,404.6,404.6,395.4,399.15,425.16700000000003,367.94605232230793,419.67394767769207
2024-06-24,398.0,398.0,389.1,392.45,424.10799999999995,367.8559216407895,418.5140783592105
2024-06-25,397.0,397.75,392.5,395.95,423.02299999999997,368.84734383470663,415.7276561652934
2024-06-26,396.0,402.7,395.1,398.15,421.69599999999997,370.6610949526125,412.06890504738743
2024-06-27,398.8,405.75,396.85,400.1,420.58299999999997,370.820815289752,411.61918471024796
2024-06-28,399.65,401.35,396.65,400.15,419.51200000000006,370.8071987256358,412.3678012743641
2024-07-01,400.15,403.0,398.05,399.85,418.47799999999995,371.46732439652834,413.18267560347164
2024-07-02,401.0,401.85,396.1,398.05,417.37299999999993,371.75228249833515,413.7077175016649
2024-07-03,401.0,401.0,396.85,399.4,416.35900000000004,380.04557833606066,409.30942166393925
2024-07-04,399.0,399.7,395.2,398.25,415.356,383.1459431492544,408.19405685074554
2024-07-05,403.0,403.0,394.1,395.55,414.29400000000004,385.5147412230248,407.15525877697513
2024-07-08,397.45,397.8,389.05,394.45,412.99800000000005,387.1768944545154,406.38810554548456
2024-07-09,391.1,399.95,389.5,391.8,411.681,387.48334341895605,406.25165658104385
2024-07-10,396.05,403.65,386.05,387.85,410.435,387.9999953007136,405.9200046992864
2024-07-11,389.95,390.45,376.0,377.0,408.995,384.2042128082289,408.5507871917711
2024-07-12,378.95,379.95,375.25,378.4,407.55799999999994,381.0674799378148,410.1875200621852
2024-07-15,379.95,379.95,372.6,378.35,405.98800000000006,378.6703644214584,409.7746355785417
2024-07-16,378.0,385.0,378.0,382.7,404.642,377.2091069761013,409.63089302389875
2024-07-18,385.0,386.1,379.5,382.05,403.338,375.8805126711204,409.1294873288796
2024-07-19,382.05,382.9,372.2,374.3,401.754,373.15146311183173,409.24353688816836
2024-07-22,374.3,379.3,367.2,378.3,400.42800000000005,371.64042821392394,408.669571786076
2024-07-23,381.25,386.95,369.05,380.45,398.971,370.5815032493196,408.5284967506804
2024-07-24,376.6,387.1,376.6,382.7,397.62300000000005,369.9338948158884,407.8511051841117
2024-07-25,377.25,390.05,377.25,379.75,396.14700000000005,369.1199286271307,406.82507137286933
2024-07-26,382.0,398.75,380.2,397.0,395.107,369.33746027001666,406.2975397299833
2024-07-29,401.0,415.9,400.0,412.4,394.349,367.57013170550044,409.28986829449957
2024-07-30,412.8,413.5,403.55,406.15,393.39700000000005,366.9880434597243,410.5019565402757
2024-07-31,406.5,407.1,398.3,404.0,392.78,366.5979654407881,411.48703455921185
2024-08-01,409.0,412.55,402.15,407.05,393.126,365.9980137616629,412.85198623833713
2024-08-02,406.05,420.7,397.4,416.1,393.37899999999996,364.2622696936584,416.37273030634157
2024-08-05,405.0,425.6,401.4,406.1,393.42,363.93071304853174,417.7592869514682
2024-08-06,415.0,418.0,403.0,407.05,393.462,363.6315749989305,419.31842500106956
2024-08-07,411.0,412.9,404.05,409.9,393.38200000000006,363.3411439981626,421.4188560018374
2024-08-08,409.0,414.75,407.3,408.65,393.22299999999996,363.58529043651413,423.2547095634858
2024-08-09,413.55,413.55,395.05,398.7,393.13699999999994,365.6214242627556,423.38857573724437
2024-08-12,399.1,412.0,399.1,404.6,393.37299999999993,367.6390285274533,423.9909714725467
2024-08-13,407.9,411.4,402.1,408.1,393.833,369.8775886390018,424.72741136099813
2024-08-14,408.5,422.0,400.0,414.9,394.332,371.3169459148965,426.50805408510354
2024-08-16,419.95,421.95,410.0,416.55,395.454,373.16725054238,428.10774945762
2024-08-19,419.5,433.8,417.6,432.25,396.53100000000006,375.54178465656594,431.5282153434341
2024-08-20,435.05,441.8,432.15,438.2,397.65,377.1230477249685,435.93695227503156
2024-08-21,438.45,440.0,423.55,430.4,398.548,380.47464089344794,437.580359106552
2024-08-22,431.0,432.45,419.0,421.2,399.17,384.78127283007797,437.123727169922
2024-08-23,422.95,430.45,418.4,427.75,400.005,390.6563729248524,436.0486270751475
2024-08-26,429.2,431.95,421.3,430.9,400.85,392.43012254021,437.6648774597899
2024-08-27,431.9,432.0,425.15,430.45,401.591,392.3579406757567,439.54205932424327
2024-08-28,430.0,430.0,420.0,421.05,401.883,393.46774966993604,439.92225033006395
2024-08-29,421.0,424.5,415.6,416.9,402.246,394.89376951114923,439.78623048885083
2024-08-30,420.0,423.95,414.0,419.3,402.625,396.02600857258483,439.87899142741514
2024-09-02,423.35,423.95,415.0,416.05,402.93699999999995,396.02260785418133,439.87739214581865
2024-09-03,418.95,427.7,417.7,425.1,403.45599999999996,397.49414738169696,440.305852618303
2024-09-04,421.6,425.9,418.0,419.35,403.994,398.8486505400514,440.1813494599487
2024-09-05,422.95,422.95,417.0,418.05,404.436,399.7386483254118,440.1063516745881
2024-09-06,418.0,427.6,409.9,411.45,404.702,400.17114046347643,439.95385953652357
2024-09-09,411.45,411.95,398.5,408.85,404.87700000000007,402.54296182774664,438.59703817225335
2024-09-10,409.95,417.6,409.9,414.6,405.166,404.404706723231,437.73529327676897
2024-09-11,418.75,418.75,407.05,410.45,405.37800000000004,404.87790079227847,437.49709920772153
2024-09-12,415.0,419.0,411.7,418.05,405.778,405.23139345800587,437.4586065419941
2024-09-13,418.05,422.75,412.0,413.8,406.066,404.87615219728167,437.5388478027183
2024-09-16,414.75,429.9,414.75,421.35,406.528,405.1771631326452,436.14783686735484
2024-09-17,424.9,426.0,419.65,425.4,407.125,406.6791209992141,433.365879000786
2024-09-18,425.4,427.9,423.05,426.0,407.756,407.047419484845,432.5575805151551
2024-09-19,426.45,432.35,421.1,426.65,408.45300000000003,406.96624438838944,433.18375561161054
2024-09-20,427.5,433.0,425.15,431.85,409.33299999999997,406.5522562899382,434.00774371006185
2024-09-23,433.0,436.05,429.25,433.45,410.462,406.2246239276044,434.59037607239554
2024-09-24,435.0,435.6,429.3,431.25,411.519,406.14139254454466,434.75360745545544
2024-09-25,434.9,447.65,431.95,437.75,412.707,405.0135345490923,437.55146545090764
2024-09-26,437.5,439.35,424.95,436.75,413.788,404.7577153029181,439.79228469708187
2024-09-27,443.9,443.9,426.0,430.45,414.756,405.00687459573,440.65812540427
2024-09-30,432.0,432.0,422.0,425.0,415.77,405.72397239510366,440.8360276048964
2024-10-01,425.0,428.45,418.0,419.35,416.591,405.3737517619892,440.61124823801083
2024-10-03,418.45,427.25,408.65,410.95,417.20099999999996,404.2036340349267,440.9413659650734
2024-10-04,411.0,419.5,403.2,408.15,417.71,402.6901608052225,441.4648391947775
2024-10-07,410.95,411.95,398.35,404.05,418.19599999999997,401.2152094085377,442.19979059146226
2024-10-08,400.0,419.45,393.1,416.9,418.59399999999994,402.3789504640478,441.8410495359521
2024-10-09,418.4,427.3,412.4,414.75,418.64099999999996,402.39835955218325,441.83664044781676
2024-10-10,418.0,418.0,408.55,411.4,418.746,402.5599496302426,441.7700503697573
2024-10-11,412.35,413.5,406.5,411.15,418.889,401.6746492238169,441.9653507761831
2024-10-14,410.0,419.6,410.0,418.8,419.124,402.22180241510216,441.9181975848978
2024-10-15,418.9,418.9,409.05,410.1,419.004,400.9484636975627,442.06653630243727
2024-10-16,410.05,410.95,401.4,408.55,419.05299999999994,399.4084195946987,441.9215804053012
2024-10-17,407.0,408.2,398.05,399.45,418.901,396.2467437041029,442.42825629589703
2024-10-18,399.25,400.45,394.8,396.7,418.63699999999994,392.93279115130935,442.7472088486907
2024-10-21,397.95,400.0,386.7,388.2,418.228,388.3821539893494,442.93284601065056
2024-10-22,388.05,388.4,372.0,378.85,417.83099999999996,382.41297412338855,443.4420258766116
2024-10-23,378.85,379.85,368.1,372.05,417.18,375.6840948537524,444.25090514624765
2024-10-24,372.05,375.95,363.55,367.9,416.376,369.950235509954,442.99976449004606
2024-10-25,368.0,371.75,354.9,361.15,415.30100000000004,363.79218045665914,441.59781954334096
2024-10-28,361.95,362.95,354.25,355.85,414.087,357.07631166380355,440.8536883361965
2024-10-29,359.0,359.9,350.15,354.0,412.522,350.86668087522503,439.9633191247749
2024-10-30,354.05,357.2,348.25,354.35,410.845,345.5335773437262,438.7964226562738
2024-10-31,356.4,358.7,354.05,356.1,409.35900000000004,341.0245718690449,437.8204281309551
2024-11-01,356.2,367.0,356.2,364.65,408.22799999999995,338.4848042172536,436.0101957827464
2024-11-04,364.45,364.45,351.5,353.55,406.744,334.41766634085394,435.027333659146
2024-11-05,355.15,355.5,347.4,353.9,405.204,331.865098507279,431.27990149272097
2024-11-06,361.9,361.9,353.0,355.05,403.69599999999997,330.1141445950851,427.06085540491483
2024-11-07,352.6,357.6,351.85,353.9,402.353,328.63269233817596,422.792307661824
2024-11-08,351.55,353.2,345.7,346.85,400.952,326.8468416776514,418.1481583223486
2024-11-11,344.25,345.85,340.15,343.75,399.441,326.943993968281,410.546006031719
2024-11-12,341.5,348.2,337.05,340.0,397.92,326.38770751191646,404.09229248808356
2024-11-13,337.65,338.7,328.0,330.3,396.024,325.1727962221539,397.48220377784605
2024-11-14,328.35,337.4,328.35,330.55,394.24800000000005,323.9612556862944,391.8037443137056
2024-11-18,338.95,345.0,325.5,327.3,392.43300000000005,323.1133849124487,385.71161508755137
2024-11-19,327.3,352.95,327.3,344.25,391.089,324.9990391256084,379.43096087439164
2024-11-21,344.3,349.75,340.5,346.35,389.83899999999994,326.3520219707173,374.82797802928275
2024-11-22,348.0,348.6,341.5,345.85,388.464,327.18860134039807,371.371398659602
2024-11-25,345.2,353.8,338.15,343.85,387.13199999999995,327.7020639374893,368.4529360625107
2024-11-26,340.05,341.95,335.1,336.65,385.504,326.84362104982586,366.8613789501742
2024-11-27,336.0,353.75,335.15,347.1,384.17,326.85690570039617,365.9730942996039
2024-11-28,345.05,349.8,340.3,343.35,382.61,326.6161870213814,365.1488129786187
2024-11-29,340.05,344.35,333.95,335.95,380.8210000000001,325.6414758634583,364.28352413654164
2024-12-02,332.55,337.5,330.15,333.3,378.96700000000004,324.57802095574357,363.0669790442564
2024-12-03,331.05,342.9,331.05,341.15,377.25699999999995,326.0729006954655,359.2220993045345
2024-12-04,338.8,343.45,337.3,340.1,375.422,326.1903472271796,357.75965277282046
2024-12-05,340.0,340.95,332.25,333.3,373.41900000000004,325.7596920035194,356.1303079964807
2024-12-06,331.6,359.8,331.6,353.0,371.85400000000004,326.03509520230784,355.6499047976922
2024-12-09,352.25,373.1,349.05,371.1,370.52099999999996,322.3895244054314,361.01547559456856
2024-12-10,370.55,388.0,370.0,380.6,369.398,317.4294104356829,369.3505895643171
2024-12-11,381.95,381.95,369.0,379.45,368.37800000000004,314.60930715740307,375.74069284259696
2024-12-12,385.75,391.3,379.05,382.35,367.525,312.64155978338607,381.94344021661396
2024-12-13,380.0,392.9,376.8,390.6,366.95,311.62320051924934,388.9917994807507
2024-12-16,390.6,395.85,386.5,393.05,366.59200000000004,311.50648402196924,395.35851597803077
2024-12-17,396.05,402.85,381.5,383.1,366.091,314.19224178923264,398.2527582107674
2024-12-18,385.6,390.0,369.15,370.4,365.418,315.44100406343733,399.6189959365627
2024-12-19,360.0,367.5,356.0,358.6,364.25200000000007,316.3832996270272,399.90170037297287
2024-12-20,360.0,362.0,347.8,349.6,362.949,316.76999392127357,399.8900060787264
2024-12-23,348.0,361.0,348.0,359.1,361.903,318.09530786250707,400.089692137493
2024-12-24,359.0,366.2,349.0,354.55,360.77099999999996,320.29233424633236,399.68266575366766
2024-12-26,353.7,355.6,346.3,350.95,359.414,320.71128620765967,399.64871379234035
2024-12-27,350.0,354.4,348.05,350.75,358.22700000000003,321.6103976448196,399.4896023551804
2024-12-30,349.0,351.05,343.05,347.95,357.0150000000001,323.4565271600312,398.84347283996874
2024-12-31,347.0,347.5,342.7,346.15,355.949,325.6934801124362,397.89151988756385
2025-01-01,346.0,351.0,345.55,348.4,354.983,326.79064238566883,397.5193576143312
2025-01-02,349.0,352.0,345.05,349.85,354.216,328.30434759590383,396.98065240409625
2025-01-03,350.05,352.15,341.05,341.8,353.475,330.07441818927725,396.06058181072274
2025-01-06,343.6,344.45,332.55,337.55,352.7850000000001,327.628363529019,396.9616364709809
2025-01-07,340.0,341.3,335.0,337.15,352.17,324.45291497933044,396.7420850206696
2025-01-08,338.85,338.85,332.75,334.75,351.642,321.6891291240995,394.9208708759005
2025-01-09,336.1,341.7,334.15,336.35,351.25200000000007,319.7011605844924,392.59883941550754
2025-01-10,336.0,342.3,332.2,333.85,350.849,318.17311797119476,389.2768820288053
2025-01-13,332.0,334.0,318.05,321.15,350.18500000000006,316.3365128521793,384.1684871478207
2025-01-14,319.55,328.6,318.6,324.0,349.543,317.4811718479211,376.11882815207895
2025-01-15,326.95,327.0,318.25,324.85,348.74700000000007,318.4336020459884,369.3413979540116
2025-01-16,327.95,335.35,323.05,332.25,348.32099999999997,319.3280476035944,364.6319523964056
2025-01-17,331.45,339.8,327.6,338.55,348.014,319.6889195425026,362.2660804574974
2025-01-20,345.0,346.9,330.85,345.2,347.81700000000006,319.7550872313235,361.7599127686766
2025-01-21,343.8,343.9,327.6,329.25,347.324,319.54775934751586,358.9822406524841
2025-01-22,330.3,330.6,312.35,322.3,346.833,317.9236412286049,357.3813587713952
2025-01-23,324.35,329.45,322.5,326.95,346.49700000000007,317.2157348982592,355.6892651017408
2025-01-24,327.0,331.25,319.05,321.75,346.13200000000006,315.9322841758529,354.0727158241471
2025-01-27,318.2,319.0,308.15,312.9,345.784,312.79771921094647,353.70228078905353
2025-01-28,313.85,319.6,306.55,311.45,345.402,309.8208072286475,353.2091927713525
2025-01-29,312.0,324.95,308.05,323.45,345.325,309.8283921041169,350.70660789588317
2025-01-30,324.0,326.25,316.75,322.6,344.89200000000005,310.4229489631989,347.38705103680104
2025-01-31,320.5,323.85,318.05,321.05,344.3860000000001,310.1182146177783,345.61678538222174
